ancient_city/city/entrance/entrance_connector.nbt
ancient_city/city/entrance/entrance_path_1.nbt
ancient_city/city/entrance/entrance_path_2.nbt
ancient_city/city/entrance/entrance_path_3.nbt
ancient_city/city/entrance/entrance_path_4.nbt
ancient_city/city/entrance/entrance_path_5.nbt
ancient_city/city_center/city_center_1.nbt
ancient_city/city_center/city_center_2.nbt
ancient_city/city_center/city_center_3.nbt
ancient_city/city_center/walls/bottom_1.nbt
ancient_city/city_center/walls/bottom_2.nbt
ancient_city/city_center/walls/bottom_left_corner.nbt
ancient_city/city_center/walls/bottom_right_corner.nbt
ancient_city/city_center/walls/bottom_right_corner_1.nbt
ancient_city/city_center/walls/bottom_right_corner_2.nbt
ancient_city/city_center/walls/left.nbt
ancient_city/city_center/walls/right.nbt
ancient_city/city_center/walls/top.nbt
ancient_city/city_center/walls/top_left_corner.nbt
ancient_city/city_center/walls/top_right_corner.nbt
ancient_city/structures/barracks.nbt
ancient_city/structures/camp_1.nbt
ancient_city/structures/camp_2.nbt
ancient_city/structures/camp_3.nbt
ancient_city/structures/chamber_1.nbt
ancient_city/structures/chamber_2.nbt
ancient_city/structures/chamber_3.nbt
ancient_city/structures/ice_box_1.nbt
ancient_city/structures/large_pillar_1.nbt
ancient_city/structures/large_ruin_1.nbt
ancient_city/structures/medium_pillar_1.nbt
ancient_city/structures/medium_ruin_1.nbt
ancient_city/structures/medium_ruin_2.nbt
ancient_city/structures/sauna_1.nbt
ancient_city/structures/small_ruin_1.nbt
ancient_city/structures/small_ruin_2.nbt
ancient_city/structures/small_statue.nbt
ancient_city/structures/tall_ruin_1.nbt
ancient_city/structures/tall_ruin_2.nbt
ancient_city/structures/tall_ruin_3.nbt
ancient_city/structures/tall_ruin_4.nbt
ancient_city/walls/intact_corner_wall_1.nbt
ancient_city/walls/intact_horizontal_wall_1.nbt
ancient_city/walls/intact_horizontal_wall_2.nbt
ancient_city/walls/intact_horizontal_wall_bridge.nbt
ancient_city/walls/intact_horizontal_wall_passage_1.nbt
ancient_city/walls/intact_horizontal_wall_stairs_1.nbt
ancient_city/walls/intact_horizontal_wall_stairs_2.nbt
ancient_city/walls/intact_horizontal_wall_stairs_3.nbt
ancient_city/walls/intact_horizontal_wall_stairs_4.nbt
ancient_city/walls/intact_intersection_wall_1.nbt
ancient_city/walls/intact_lshape_wall_1.nbt
ancient_city/walls/ruined_corner_wall_1.nbt
ancient_city/walls/ruined_corner_wall_2.nbt
ancient_city/walls/ruined_horizontal_wall_stairs_1.nbt
ancient_city/walls/ruined_horizontal_wall_stairs_2.nbt
ancient_city/walls/ruined_horizontal_wall_stairs_3.nbt
ancient_city/walls/ruined_horizontal_wall_stairs_4.nbt
bastion/blocks/air.nbt
bastion/blocks/gold.nbt
bastion/bridge/bridge_pieces/bridge.nbt
bastion/bridge/connectors/back_bridge_bottom.nbt
bastion/bridge/connectors/back_bridge_top.nbt
bastion/bridge/legs/leg_0.nbt
bastion/bridge/legs/leg_1.nbt
bastion/bridge/ramparts/rampart_0.nbt
bastion/bridge/ramparts/rampart_1.nbt
bastion/bridge/rampart_plates/plate_0.nbt
bastion/bridge/starting_pieces/entrance.nbt
bastion/bridge/starting_pieces/entrance_base.nbt
bastion/bridge/starting_pieces/entrance_face.nbt
bastion/bridge/walls/wall_base_0.nbt
bastion/bridge/walls/wall_base_1.nbt
bastion/hoglin_stable/air_base.nbt
bastion/hoglin_stable/connectors/end_post_connector.nbt
bastion/hoglin_stable/large_stables/inner_0.nbt
bastion/hoglin_stable/large_stables/inner_1.nbt
bastion/hoglin_stable/large_stables/inner_2.nbt
bastion/hoglin_stable/large_stables/inner_3.nbt
bastion/hoglin_stable/large_stables/inner_4.nbt
bastion/hoglin_stable/large_stables/outer_0.nbt
bastion/hoglin_stable/large_stables/outer_1.nbt
bastion/hoglin_stable/large_stables/outer_2.nbt
bastion/hoglin_stable/large_stables/outer_3.nbt
bastion/hoglin_stable/large_stables/outer_4.nbt
bastion/hoglin_stable/posts/end_post.nbt
bastion/hoglin_stable/posts/stair_post.nbt
bastion/hoglin_stable/ramparts/ramparts_1.nbt
bastion/hoglin_stable/ramparts/ramparts_2.nbt
bastion/hoglin_stable/ramparts/ramparts_3.nbt
bastion/hoglin_stable/rampart_plates/rampart_plate_1.nbt
bastion/hoglin_stable/small_stables/inner_0.nbt
bastion/hoglin_stable/small_stables/inner_1.nbt
bastion/hoglin_stable/small_stables/inner_2.nbt
bastion/hoglin_stable/small_stables/inner_3.nbt
bastion/hoglin_stable/small_stables/outer_0.nbt
bastion/hoglin_stable/small_stables/outer_1.nbt
bastion/hoglin_stable/small_stables/outer_2.nbt
bastion/hoglin_stable/small_stables/outer_3.nbt
bastion/hoglin_stable/stairs/stairs_1_0.nbt
bastion/hoglin_stable/stairs/stairs_1_1.nbt
bastion/hoglin_stable/stairs/stairs_1_2.nbt
bastion/hoglin_stable/stairs/stairs_1_3.nbt
bastion/hoglin_stable/stairs/stairs_1_4.nbt
bastion/hoglin_stable/stairs/stairs_2_0.nbt
bastion/hoglin_stable/stairs/stairs_2_1.nbt
bastion/hoglin_stable/stairs/stairs_2_2.nbt
bastion/hoglin_stable/stairs/stairs_2_3.nbt
bastion/hoglin_stable/stairs/stairs_2_4.nbt
bastion/hoglin_stable/stairs/stairs_3_0.nbt
bastion/hoglin_stable/stairs/stairs_3_1.nbt
bastion/hoglin_stable/stairs/stairs_3_2.nbt
bastion/hoglin_stable/stairs/stairs_3_3.nbt
bastion/hoglin_stable/stairs/stairs_3_4.nbt
bastion/hoglin_stable/starting_pieces/stairs_0_mirrored.nbt
bastion/hoglin_stable/starting_pieces/stairs_1_mirrored.nbt
bastion/hoglin_stable/starting_pieces/stairs_2_mirrored.nbt
bastion/hoglin_stable/starting_pieces/stairs_3_mirrored.nbt
bastion/hoglin_stable/starting_pieces/stairs_4_mirrored.nbt
bastion/hoglin_stable/starting_pieces/starting_stairs_0.nbt
bastion/hoglin_stable/starting_pieces/starting_stairs_1.nbt
bastion/hoglin_stable/starting_pieces/starting_stairs_2.nbt
bastion/hoglin_stable/starting_pieces/starting_stairs_3.nbt
bastion/hoglin_stable/starting_pieces/starting_stairs_4.nbt
bastion/hoglin_stable/walls/side_wall_0.nbt
bastion/hoglin_stable/walls/side_wall_1.nbt
bastion/hoglin_stable/walls/wall_base.nbt
bastion/mobs/crossbow_piglin.nbt
bastion/mobs/empty.nbt
bastion/mobs/hoglin.nbt
bastion/mobs/melee_piglin.nbt
bastion/mobs/melee_piglin_always.nbt
bastion/mobs/sword_piglin.nbt
bastion/treasure/bases/centers/center_0.nbt
bastion/treasure/bases/centers/center_1.nbt
bastion/treasure/bases/centers/center_2.nbt
bastion/treasure/bases/centers/center_3.nbt
bastion/treasure/bases/lava_basin.nbt
bastion/treasure/big_air_full.nbt
bastion/treasure/brains/center_brain.nbt
bastion/treasure/connectors/center_to_wall_middle.nbt
bastion/treasure/connectors/center_to_wall_top.nbt
bastion/treasure/connectors/center_to_wall_top_entrance.nbt
bastion/treasure/corners/bottom/corner_0.nbt
bastion/treasure/corners/bottom/corner_1.nbt
bastion/treasure/corners/edges/bottom.nbt
bastion/treasure/corners/edges/middle.nbt
bastion/treasure/corners/edges/top.nbt
bastion/treasure/corners/middle/corner_0.nbt
bastion/treasure/corners/middle/corner_1.nbt
bastion/treasure/corners/top/corner_0.nbt
bastion/treasure/corners/top/corner_1.nbt
bastion/treasure/entrances/entrance_0.nbt
bastion/treasure/extensions/empty.nbt
bastion/treasure/extensions/fire_room.nbt
bastion/treasure/extensions/house_0.nbt
bastion/treasure/extensions/house_1.nbt
bastion/treasure/extensions/large_bridge_0.nbt
bastion/treasure/extensions/large_bridge_1.nbt
bastion/treasure/extensions/large_bridge_2.nbt
bastion/treasure/extensions/large_bridge_3.nbt
bastion/treasure/extensions/roofed_bridge.nbt
bastion/treasure/extensions/small_bridge_0.nbt
bastion/treasure/extensions/small_bridge_1.nbt
bastion/treasure/extensions/small_bridge_2.nbt
bastion/treasure/extensions/small_bridge_3.nbt
bastion/treasure/ramparts/bottom_wall_0.nbt
bastion/treasure/ramparts/lava_basin_main.nbt
bastion/treasure/ramparts/lava_basin_side.nbt
bastion/treasure/ramparts/mid_wall_main.nbt
bastion/treasure/ramparts/mid_wall_side.nbt
bastion/treasure/ramparts/top_wall.nbt
bastion/treasure/roofs/center_roof.nbt
bastion/treasure/roofs/corner_roof.nbt
bastion/treasure/roofs/wall_roof.nbt
bastion/treasure/stairs/lower_stairs.nbt
bastion/treasure/walls/bottom/wall_0.nbt
bastion/treasure/walls/bottom/wall_1.nbt
bastion/treasure/walls/bottom/wall_2.nbt
bastion/treasure/walls/bottom/wall_3.nbt
bastion/treasure/walls/entrance_wall.nbt
bastion/treasure/walls/lava_wall.nbt
bastion/treasure/walls/mid/wall_0.nbt
bastion/treasure/walls/mid/wall_1.nbt
bastion/treasure/walls/mid/wall_2.nbt
bastion/treasure/walls/outer/bottom_corner.nbt
bastion/treasure/walls/outer/medium_outer_wall.nbt
bastion/treasure/walls/outer/mid_corner.nbt
bastion/treasure/walls/outer/outer_wall.nbt
bastion/treasure/walls/outer/tall_outer_wall.nbt
bastion/treasure/walls/outer/top_corner.nbt
bastion/treasure/walls/top/main_entrance.nbt
bastion/treasure/walls/top/wall_0.nbt
bastion/treasure/walls/top/wall_1.nbt
bastion/units/air_base.nbt
bastion/units/center_pieces/center_0.nbt
bastion/units/center_pieces/center_1.nbt
bastion/units/center_pieces/center_2.nbt
bastion/units/edges/edge_0.nbt
bastion/units/fillers/stage_0.nbt
bastion/units/pathways/pathway_0.nbt
bastion/units/pathways/pathway_wall_0.nbt
bastion/units/ramparts/ramparts_0.nbt
bastion/units/ramparts/ramparts_1.nbt
bastion/units/ramparts/ramparts_2.nbt
bastion/units/rampart_plates/plate_0.nbt
bastion/units/stages/rot/stage_1_0.nbt
bastion/units/stages/stage_0_0.nbt
bastion/units/stages/stage_0_1.nbt
bastion/units/stages/stage_0_2.nbt
bastion/units/stages/stage_0_3.nbt
bastion/units/stages/stage_1_0.nbt
bastion/units/stages/stage_1_1.nbt
bastion/units/stages/stage_1_2.nbt
bastion/units/stages/stage_1_3.nbt
bastion/units/stages/stage_2_0.nbt
bastion/units/stages/stage_2_1.nbt
bastion/units/stages/stage_3_0.nbt
bastion/units/stages/stage_3_1.nbt
bastion/units/stages/stage_3_2.nbt
bastion/units/stages/stage_3_3.nbt
bastion/units/walls/connected_wall.nbt
bastion/units/walls/wall_base.nbt
bastion/units/wall_units/edge_0_large.nbt
bastion/units/wall_units/unit_0.nbt
end_city/base_floor.nbt
end_city/base_roof.nbt
end_city/bridge_end.nbt
end_city/bridge_gentle_stairs.nbt
end_city/bridge_piece.nbt
end_city/bridge_steep_stairs.nbt
end_city/fat_tower_base.nbt
end_city/fat_tower_middle.nbt
end_city/fat_tower_top.nbt
end_city/second_floor_1.nbt
end_city/second_floor_2.nbt
end_city/second_roof.nbt
end_city/ship.nbt
end_city/third_floor_1.nbt
end_city/third_floor_2.nbt
end_city/third_roof.nbt
end_city/tower_base.nbt
end_city/tower_floor.nbt
end_city/tower_piece.nbt
end_city/tower_top.nbt
fossil/skull_1.nbt
fossil/skull_1_coal.nbt
fossil/skull_2.nbt
fossil/skull_2_coal.nbt
fossil/skull_3.nbt
fossil/skull_3_coal.nbt
fossil/skull_4.nbt
fossil/skull_4_coal.nbt
fossil/spine_1.nbt
fossil/spine_1_coal.nbt
fossil/spine_2.nbt
fossil/spine_2_coal.nbt
fossil/spine_3.nbt
fossil/spine_3_coal.nbt
fossil/spine_4.nbt
fossil/spine_4_coal.nbt
igloo/bottom.nbt
igloo/middle.nbt
igloo/top.nbt
nether_fossils/fossil_1.nbt
nether_fossils/fossil_10.nbt
nether_fossils/fossil_11.nbt
nether_fossils/fossil_12.nbt
nether_fossils/fossil_13.nbt
nether_fossils/fossil_14.nbt
nether_fossils/fossil_2.nbt
nether_fossils/fossil_3.nbt
nether_fossils/fossil_4.nbt
nether_fossils/fossil_5.nbt
nether_fossils/fossil_6.nbt
nether_fossils/fossil_7.nbt
nether_fossils/fossil_8.nbt
nether_fossils/fossil_9.nbt
pillager_outpost/base_plate.nbt
pillager_outpost/feature_cage1.nbt
pillager_outpost/feature_cage2.nbt
pillager_outpost/feature_cage_with_allays.nbt
pillager_outpost/feature_logs.nbt
pillager_outpost/feature_plate.nbt
pillager_outpost/feature_targets.nbt
pillager_outpost/feature_tent1.nbt
pillager_outpost/feature_tent2.nbt
pillager_outpost/watchtower.nbt
pillager_outpost/watchtower_overgrown.nbt
ruined_portal/giant_portal_1.nbt
ruined_portal/giant_portal_2.nbt
ruined_portal/giant_portal_3.nbt
ruined_portal/portal_1.nbt
ruined_portal/portal_10.nbt
ruined_portal/portal_2.nbt
ruined_portal/portal_3.nbt
ruined_portal/portal_4.nbt
ruined_portal/portal_5.nbt
ruined_portal/portal_6.nbt
ruined_portal/portal_7.nbt
ruined_portal/portal_8.nbt
ruined_portal/portal_9.nbt
shipwreck/rightsideup_backhalf.nbt
shipwreck/rightsideup_backhalf_degraded.nbt
shipwreck/rightsideup_fronthalf.nbt
shipwreck/rightsideup_fronthalf_degraded.nbt
shipwreck/rightsideup_full.nbt
shipwreck/rightsideup_full_degraded.nbt
shipwreck/sideways_backhalf.nbt
shipwreck/sideways_backhalf_degraded.nbt
shipwreck/sideways_fronthalf.nbt
shipwreck/sideways_fronthalf_degraded.nbt
shipwreck/sideways_full.nbt
shipwreck/sideways_full_degraded.nbt
shipwreck/upsidedown_backhalf.nbt
shipwreck/upsidedown_backhalf_degraded.nbt
shipwreck/upsidedown_fronthalf.nbt
shipwreck/upsidedown_fronthalf_degraded.nbt
shipwreck/upsidedown_full.nbt
shipwreck/upsidedown_full_degraded.nbt
shipwreck/with_mast.nbt
shipwreck/with_mast_degraded.nbt
trail_ruins/buildings/group_full_1.nbt
trail_ruins/buildings/group_full_2.nbt
trail_ruins/buildings/group_full_3.nbt
trail_ruins/buildings/group_full_4.nbt
trail_ruins/buildings/group_full_5.nbt
trail_ruins/buildings/group_hall_1.nbt
trail_ruins/buildings/group_hall_2.nbt
trail_ruins/buildings/group_hall_3.nbt
trail_ruins/buildings/group_hall_4.nbt
trail_ruins/buildings/group_hall_5.nbt
trail_ruins/buildings/group_lower_1.nbt
trail_ruins/buildings/group_lower_2.nbt
trail_ruins/buildings/group_lower_3.nbt
trail_ruins/buildings/group_lower_4.nbt
trail_ruins/buildings/group_lower_5.nbt
trail_ruins/buildings/group_room_1.nbt
trail_ruins/buildings/group_room_2.nbt
trail_ruins/buildings/group_room_3.nbt
trail_ruins/buildings/group_room_4.nbt
trail_ruins/buildings/group_room_5.nbt
trail_ruins/buildings/group_upper_1.nbt
trail_ruins/buildings/group_upper_2.nbt
trail_ruins/buildings/group_upper_3.nbt
trail_ruins/buildings/group_upper_4.nbt
trail_ruins/buildings/group_upper_5.nbt
trail_ruins/buildings/large_room_1.nbt
trail_ruins/buildings/large_room_2.nbt
trail_ruins/buildings/large_room_3.nbt
trail_ruins/buildings/large_room_4.nbt
trail_ruins/buildings/large_room_5.nbt
trail_ruins/buildings/one_room_1.nbt
trail_ruins/buildings/one_room_2.nbt
trail_ruins/buildings/one_room_3.nbt
trail_ruins/buildings/one_room_4.nbt
trail_ruins/buildings/one_room_5.nbt
trail_ruins/decor/decor_1.nbt
trail_ruins/decor/decor_2.nbt
trail_ruins/decor/decor_3.nbt
trail_ruins/decor/decor_4.nbt
trail_ruins/decor/decor_5.nbt
trail_ruins/decor/decor_6.nbt
trail_ruins/decor/decor_7.nbt
trail_ruins/roads/long_road_end.nbt
trail_ruins/roads/road_end_1.nbt
trail_ruins/roads/road_section_1.nbt
trail_ruins/roads/road_section_2.nbt
trail_ruins/roads/road_section_3.nbt
trail_ruins/roads/road_section_4.nbt
trail_ruins/roads/road_spacer_1.nbt
trail_ruins/tower/hall_1.nbt
trail_ruins/tower/hall_2.nbt
trail_ruins/tower/hall_3.nbt
trail_ruins/tower/hall_4.nbt
trail_ruins/tower/hall_5.nbt
trail_ruins/tower/large_hall_1.nbt
trail_ruins/tower/large_hall_2.nbt
trail_ruins/tower/large_hall_3.nbt
trail_ruins/tower/large_hall_4.nbt
trail_ruins/tower/large_hall_5.nbt
trail_ruins/tower/one_room_1.nbt
trail_ruins/tower/one_room_2.nbt
trail_ruins/tower/one_room_3.nbt
trail_ruins/tower/one_room_4.nbt
trail_ruins/tower/one_room_5.nbt
trail_ruins/tower/platform_1.nbt
trail_ruins/tower/platform_2.nbt
trail_ruins/tower/platform_3.nbt
trail_ruins/tower/platform_4.nbt
trail_ruins/tower/platform_5.nbt
trail_ruins/tower/stable_1.nbt
trail_ruins/tower/stable_2.nbt
trail_ruins/tower/stable_3.nbt
trail_ruins/tower/stable_4.nbt
trail_ruins/tower/stable_5.nbt
trail_ruins/tower/tower_1.nbt
trail_ruins/tower/tower_2.nbt
trail_ruins/tower/tower_3.nbt
trail_ruins/tower/tower_4.nbt
trail_ruins/tower/tower_5.nbt
trail_ruins/tower/tower_top_1.nbt
trail_ruins/tower/tower_top_2.nbt
trail_ruins/tower/tower_top_3.nbt
trail_ruins/tower/tower_top_4.nbt
trail_ruins/tower/tower_top_5.nbt
trial_chambers/chamber/addon/10x15_pathway_3.nbt
trial_chambers/chamber/addon/10x15_rise.nbt
trial_chambers/chamber/addon/10x15_stacked_pathway.nbt
trial_chambers/chamber/addon/c1_breeze.nbt
trial_chambers/chamber/addon/c3_side_walkway_1.nbt
trial_chambers/chamber/addon/c3_side_walkway_2.nbt
trial_chambers/chamber/addon/c6_chest.nbt
trial_chambers/chamber/addon/c6_column_full.nbt
trial_chambers/chamber/addon/c6_column_tall.nbt
trial_chambers/chamber/addon/c6_column_tall_wide.nbt
trial_chambers/chamber/addon/c6_cover.nbt
trial_chambers/chamber/addon/c6_cover_long.nbt
trial_chambers/chamber/addon/c6_cover_short.nbt
trial_chambers/chamber/addon/c6_cover_small.nbt
trial_chambers/chamber/addon/c6_cover_small_1.nbt
trial_chambers/chamber/addon/c6_cover_small_2.nbt
trial_chambers/chamber/addon/c6_cover_small_3.nbt
trial_chambers/chamber/addon/c6_melee_spawner.nbt
trial_chambers/chamber/addon/c6_ranged_column_short.nbt
trial_chambers/chamber/addon/c6_ranged_column_short_wide.nbt
trial_chambers/chamber/addon/c6_stairs.nbt
trial_chambers/chamber/addon/c6_wide_platform.nbt
trial_chambers/chamber/addon/closed_side_walkway.nbt
trial_chambers/chamber/addon/corner_room_1.nbt
trial_chambers/chamber/addon/full_column_ranged_spawner.nbt
trial_chambers/chamber/addon/full_corner_column.nbt
trial_chambers/chamber/addon/full_stacked_walkway.nbt
trial_chambers/chamber/addon/full_stacked_walkway_2.nbt
trial_chambers/chamber/addon/grate_bridge.nbt
trial_chambers/chamber/addon/hanging_platform.nbt
trial_chambers/chamber/addon/lower_staircase_down.nbt
trial_chambers/chamber/addon/lower_walkway_platform.nbt
trial_chambers/chamber/addon/middle_column_ranged_spawner.nbt
trial_chambers/chamber/addon/middle_walkway.nbt
trial_chambers/chamber/addon/platform_with_space.nbt
trial_chambers/chamber/addon/short_grate_platform.nbt
trial_chambers/chamber/addon/short_platform.nbt
trial_chambers/chamber/addon/side_walkway.nbt
trial_chambers/chamber/addon/stairs_with_space.nbt
trial_chambers/chamber/addon/stairs_with_space_2.nbt
trial_chambers/chamber/addon/walkway_extension.nbt
trial_chambers/chamber/addon/walkway_with_bridge_1.nbt
trial_chambers/chamber/chamber_1.nbt
trial_chambers/chamber/chamber_2.nbt
trial_chambers/chamber/chamber_3.nbt
trial_chambers/chamber/chamber_4.nbt
trial_chambers/chamber/chamber_5.nbt
trial_chambers/chamber/chamber_6.nbt
trial_chambers/chamber/chamber_8.nbt
trial_chambers/chamber/chamber_9.nbt
trial_chambers/chamber/entrance_cap.nbt
trial_chambers/chests/connectors/supply.nbt
trial_chambers/chests/supply.nbt
trial_chambers/corridor/addon/arrow_dispenser.nbt
trial_chambers/corridor/addon/bridge_lower.nbt
trial_chambers/corridor/addon/chandelier_upper.nbt
trial_chambers/corridor/addon/decoration_upper.nbt
trial_chambers/corridor/addon/head_upper.nbt
trial_chambers/corridor/addon/ladder_to_middle.nbt
trial_chambers/corridor/addon/open_walkway.nbt
trial_chambers/corridor/addon/open_walkway_upper.nbt
trial_chambers/corridor/addon/reward_upper.nbt
trial_chambers/corridor/addon/staircase.nbt
trial_chambers/corridor/addon/wall.nbt
trial_chambers/corridor/addon/walled_walkway.nbt
trial_chambers/corridor/end_1.nbt
trial_chambers/corridor/end_2.nbt
trial_chambers/corridor/entrance_1.nbt
trial_chambers/corridor/first_plate.nbt
trial_chambers/corridor/second_plate.nbt
trial_chambers/corridor/straight_1.nbt
trial_chambers/corridor/straight_2.nbt
trial_chambers/corridor/straight_3.nbt
trial_chambers/corridor/straight_4.nbt
trial_chambers/corridor/straight_5.nbt
trial_chambers/corridor/straight_6.nbt
trial_chambers/corridor/straight_7.nbt
trial_chambers/corridor/straight_8.nbt
trial_chambers/decor/barrel.nbt
trial_chambers/decor/candle_1.nbt
trial_chambers/decor/candle_2.nbt
trial_chambers/decor/candle_3.nbt
trial_chambers/decor/candle_4.nbt
trial_chambers/decor/dead_bush_pot.nbt
trial_chambers/decor/empty_pot.nbt
trial_chambers/decor/undecorated_pot.nbt
trial_chambers/dispensers/chamber.nbt
trial_chambers/hallway/cache_1.nbt
trial_chambers/hallway/corner_staircase.nbt
trial_chambers/hallway/corner_staircase_down.nbt
trial_chambers/hallway/corridor_connector_1.nbt
trial_chambers/hallway/left_corner.nbt
trial_chambers/hallway/long_straight_staircase.nbt
trial_chambers/hallway/long_straight_staircase_down.nbt
trial_chambers/hallway/lower_hallway_connector.nbt
trial_chambers/hallway/right_corner.nbt
trial_chambers/hallway/rubble.nbt
trial_chambers/hallway/rubble_chamber.nbt
trial_chambers/hallway/rubble_chamber_thin.nbt
trial_chambers/hallway/rubble_thin.nbt
trial_chambers/hallway/straight.nbt
trial_chambers/hallway/straight_staircase.nbt
trial_chambers/hallway/straight_staircase_down.nbt
trial_chambers/hallway/upper_hallway_connector.nbt
trial_chambers/intersection/intersection_1.nbt
trial_chambers/intersection/intersection_2.nbt
trial_chambers/reward/connectors/default.nbt
trial_chambers/reward/default.nbt
trial_chambers/spawner/breeze/breeze.nbt
trial_chambers/spawner/connectors/breeze.nbt
trial_chambers/spawner/connectors/melee.nbt
trial_chambers/spawner/connectors/ranged.nbt
trial_chambers/spawner/connectors/slow_ranged.nbt
trial_chambers/spawner/connectors/small_melee.nbt
trial_chambers/spawner/melee/husk.nbt
trial_chambers/spawner/melee/slime.nbt
trial_chambers/spawner/melee/zombie.nbt
trial_chambers/spawner/ranged/poison_skeleton.nbt
trial_chambers/spawner/ranged/skeleton.nbt
trial_chambers/spawner/ranged/stray.nbt
trial_chambers/spawner/slow_ranged/poison_skeleton.nbt
trial_chambers/spawner/slow_ranged/skeleton.nbt
trial_chambers/spawner/slow_ranged/stray.nbt
trial_chambers/spawner/small_melee/baby_zombie.nbt
trial_chambers/spawner/small_melee/cave_spider.nbt
trial_chambers/spawner/small_melee/silverfish.nbt
trial_chambers/spawner/small_melee/spider.nbt
underwater_ruin/big_brick_1.nbt
underwater_ruin/big_brick_2.nbt
underwater_ruin/big_brick_3.nbt
underwater_ruin/big_brick_8.nbt
underwater_ruin/big_cracked_1.nbt
underwater_ruin/big_cracked_2.nbt
underwater_ruin/big_cracked_3.nbt
underwater_ruin/big_cracked_8.nbt
underwater_ruin/big_mossy_1.nbt
underwater_ruin/big_mossy_2.nbt
underwater_ruin/big_mossy_3.nbt
underwater_ruin/big_mossy_8.nbt
underwater_ruin/big_warm_4.nbt
underwater_ruin/big_warm_5.nbt
underwater_ruin/big_warm_6.nbt
underwater_ruin/big_warm_7.nbt
underwater_ruin/brick_1.nbt
underwater_ruin/brick_2.nbt
underwater_ruin/brick_3.nbt
underwater_ruin/brick_4.nbt
underwater_ruin/brick_5.nbt
underwater_ruin/brick_6.nbt
underwater_ruin/brick_7.nbt
underwater_ruin/brick_8.nbt
underwater_ruin/cracked_1.nbt
underwater_ruin/cracked_2.nbt
underwater_ruin/cracked_3.nbt
underwater_ruin/cracked_4.nbt
underwater_ruin/cracked_5.nbt
underwater_ruin/cracked_6.nbt
underwater_ruin/cracked_7.nbt
underwater_ruin/cracked_8.nbt
underwater_ruin/mossy_1.nbt
underwater_ruin/mossy_2.nbt
underwater_ruin/mossy_3.nbt
underwater_ruin/mossy_4.nbt
underwater_ruin/mossy_5.nbt
underwater_ruin/mossy_6.nbt
underwater_ruin/mossy_7.nbt
underwater_ruin/mossy_8.nbt
underwater_ruin/warm_1.nbt
underwater_ruin/warm_2.nbt
underwater_ruin/warm_3.nbt
underwater_ruin/warm_4.nbt
underwater_ruin/warm_5.nbt
underwater_ruin/warm_6.nbt
underwater_ruin/warm_7.nbt
underwater_ruin/warm_8.nbt
village/common/animals/cat_black.nbt
village/common/animals/cat_british.nbt
village/common/animals/cat_calico.nbt
village/common/animals/cat_jellie.nbt
village/common/animals/cat_persian.nbt
village/common/animals/cat_ragdoll.nbt
village/common/animals/cat_red.nbt
village/common/animals/cat_siamese.nbt
village/common/animals/cat_tabby.nbt
village/common/animals/cat_white.nbt
village/common/animals/cows_1.nbt
village/common/animals/horses_1.nbt
village/common/animals/horses_2.nbt
village/common/animals/horses_3.nbt
village/common/animals/horses_4.nbt
village/common/animals/horses_5.nbt
village/common/animals/pigs_1.nbt
village/common/animals/sheep_1.nbt
village/common/animals/sheep_2.nbt
village/common/iron_golem.nbt
village/common/well_bottom.nbt
village/decays/grass_11x13.nbt
village/decays/grass_16x16.nbt
village/decays/grass_9x9.nbt
village/desert/camel_spawn.nbt
village/desert/desert_lamp_1.nbt
village/desert/houses/desert_animal_pen_1.nbt
village/desert/houses/desert_animal_pen_2.nbt
village/desert/houses/desert_armorer_1.nbt
village/desert/houses/desert_butcher_shop_1.nbt
village/desert/houses/desert_cartographer_house_1.nbt
village/desert/houses/desert_farm_1.nbt
village/desert/houses/desert_farm_2.nbt
village/desert/houses/desert_fisher_1.nbt
village/desert/houses/desert_fletcher_house_1.nbt
village/desert/houses/desert_large_farm_1.nbt
village/desert/houses/desert_library_1.nbt
village/desert/houses/desert_mason_1.nbt
village/desert/houses/desert_medium_house_1.nbt
village/desert/houses/desert_medium_house_2.nbt
village/desert/houses/desert_shepherd_house_1.nbt
village/desert/houses/desert_small_house_1.nbt
village/desert/houses/desert_small_house_2.nbt
village/desert/houses/desert_small_house_3.nbt
village/desert/houses/desert_small_house_4.nbt
village/desert/houses/desert_small_house_5.nbt
village/desert/houses/desert_small_house_6.nbt
village/desert/houses/desert_small_house_7.nbt
village/desert/houses/desert_small_house_8.nbt
village/desert/houses/desert_tannery_1.nbt
village/desert/houses/desert_temple_1.nbt
village/desert/houses/desert_temple_2.nbt
village/desert/houses/desert_tool_smith_1.nbt
village/desert/houses/desert_weaponsmith_1.nbt
village/desert/streets/corner_01.nbt
village/desert/streets/corner_02.nbt
village/desert/streets/crossroad_01.nbt
village/desert/streets/crossroad_02.nbt
village/desert/streets/crossroad_03.nbt
village/desert/streets/square_01.nbt
village/desert/streets/square_02.nbt
village/desert/streets/straight_01.nbt
village/desert/streets/straight_02.nbt
village/desert/streets/straight_03.nbt
village/desert/streets/turn_01.nbt
village/desert/terminators/terminator_01.nbt
village/desert/terminators/terminator_02.nbt
village/desert/town_centers/desert_meeting_point_1.nbt
village/desert/town_centers/desert_meeting_point_2.nbt
village/desert/town_centers/desert_meeting_point_3.nbt
village/desert/villagers/baby.nbt
village/desert/villagers/nitwit.nbt
village/desert/villagers/unemployed.nbt
village/desert/zombie/houses/desert_medium_house_1.nbt
village/desert/zombie/houses/desert_medium_house_2.nbt
village/desert/zombie/houses/desert_small_house_1.nbt
village/desert/zombie/houses/desert_small_house_2.nbt
village/desert/zombie/houses/desert_small_house_3.nbt
village/desert/zombie/houses/desert_small_house_4.nbt
village/desert/zombie/houses/desert_small_house_5.nbt
village/desert/zombie/houses/desert_small_house_6.nbt
village/desert/zombie/houses/desert_small_house_7.nbt
village/desert/zombie/houses/desert_small_house_8.nbt
village/desert/zombie/streets/corner_01.nbt
village/desert/zombie/streets/corner_02.nbt
village/desert/zombie/streets/crossroad_01.nbt
village/desert/zombie/streets/crossroad_02.nbt
village/desert/zombie/streets/crossroad_03.nbt
village/desert/zombie/streets/square_01.nbt
village/desert/zombie/streets/square_02.nbt
village/desert/zombie/streets/straight_01.nbt
village/desert/zombie/streets/straight_02.nbt
village/desert/zombie/streets/straight_03.nbt
village/desert/zombie/streets/turn_01.nbt
village/desert/zombie/terminators/terminator_02.nbt
village/desert/zombie/town_centers/desert_meeting_point_1.nbt
village/desert/zombie/town_centers/desert_meeting_point_2.nbt
village/desert/zombie/town_centers/desert_meeting_point_3.nbt
village/desert/zombie/villagers/nitwit.nbt
village/desert/zombie/villagers/unemployed.nbt
village/plains/houses/plains_accessory_1.nbt
village/plains/houses/plains_animal_pen_1.nbt
village/plains/houses/plains_animal_pen_2.nbt
village/plains/houses/plains_animal_pen_3.nbt
village/plains/houses/plains_armorer_house_1.nbt
village/plains/houses/plains_big_house_1.nbt
village/plains/houses/plains_butcher_shop_1.nbt
village/plains/houses/plains_butcher_shop_2.nbt
village/plains/houses/plains_cartographer_1.nbt
village/plains/houses/plains_fisher_cottage_1.nbt
village/plains/houses/plains_fletcher_house_1.nbt
village/plains/houses/plains_large_farm_1.nbt
village/plains/houses/plains_library_1.nbt
village/plains/houses/plains_library_2.nbt
village/plains/houses/plains_masons_house_1.nbt
village/plains/houses/plains_medium_house_1.nbt
village/plains/houses/plains_medium_house_2.nbt
village/plains/houses/plains_meeting_point_4.nbt
village/plains/houses/plains_meeting_point_5.nbt
village/plains/houses/plains_shepherds_house_1.nbt
village/plains/houses/plains_small_farm_1.nbt
village/plains/houses/plains_small_house_1.nbt
village/plains/houses/plains_small_house_2.nbt
village/plains/houses/plains_small_house_3.nbt
village/plains/houses/plains_small_house_4.nbt
village/plains/houses/plains_small_house_5.nbt
village/plains/houses/plains_small_house_6.nbt
village/plains/houses/plains_small_house_7.nbt
village/plains/houses/plains_small_house_8.nbt
village/plains/houses/plains_stable_1.nbt
village/plains/houses/plains_stable_2.nbt
village/plains/houses/plains_tannery_1.nbt
village/plains/houses/plains_temple_3.nbt
village/plains/houses/plains_temple_4.nbt
village/plains/houses/plains_tool_smith_1.nbt
village/plains/houses/plains_weaponsmith_1.nbt
village/plains/plains_lamp_1.nbt
village/plains/streets/corner_01.nbt
village/plains/streets/corner_02.nbt
village/plains/streets/corner_03.nbt
village/plains/streets/crossroad_01.nbt
village/plains/streets/crossroad_02.nbt
village/plains/streets/crossroad_03.nbt
village/plains/streets/crossroad_04.nbt
village/plains/streets/crossroad_05.nbt
village/plains/streets/crossroad_06.nbt
village/plains/streets/straight_01.nbt
village/plains/streets/straight_02.nbt
village/plains/streets/straight_03.nbt
village/plains/streets/straight_04.nbt
village/plains/streets/straight_05.nbt
village/plains/streets/straight_06.nbt
village/plains/streets/turn_01.nbt
village/plains/terminators/terminator_01.nbt
village/plains/terminators/terminator_02.nbt
village/plains/terminators/terminator_03.nbt
village/plains/terminators/terminator_04.nbt
village/plains/town_centers/plains_fountain_01.nbt
village/plains/town_centers/plains_meeting_point_1.nbt
village/plains/town_centers/plains_meeting_point_2.nbt
village/plains/town_centers/plains_meeting_point_3.nbt
village/plains/villagers/baby.nbt
village/plains/villagers/nitwit.nbt
village/plains/villagers/unemployed.nbt
village/plains/zombie/houses/plains_animal_pen_3.nbt
village/plains/zombie/houses/plains_big_house_1.nbt
village/plains/zombie/houses/plains_butcher_shop_2.nbt
village/plains/zombie/houses/plains_fletcher_house_1.nbt
village/plains/zombie/houses/plains_medium_house_1.nbt
village/plains/zombie/houses/plains_medium_house_2.nbt
village/plains/zombie/houses/plains_meeting_point_4.nbt
village/plains/zombie/houses/plains_meeting_point_5.nbt
village/plains/zombie/houses/plains_shepherds_house_1.nbt
village/plains/zombie/houses/plains_small_house_1.nbt
village/plains/zombie/houses/plains_small_house_2.nbt
village/plains/zombie/houses/plains_small_house_3.nbt
village/plains/zombie/houses/plains_small_house_4.nbt
village/plains/zombie/houses/plains_small_house_5.nbt
village/plains/zombie/houses/plains_small_house_6.nbt
village/plains/zombie/houses/plains_small_house_7.nbt
village/plains/zombie/houses/plains_small_house_8.nbt
village/plains/zombie/houses/plains_stable_1.nbt
village/plains/zombie/streets/corner_01.nbt
village/plains/zombie/streets/corner_02.nbt
village/plains/zombie/streets/corner_03.nbt
village/plains/zombie/streets/crossroad_01.nbt
village/plains/zombie/streets/crossroad_02.nbt
village/plains/zombie/streets/crossroad_03.nbt
village/plains/zombie/streets/crossroad_04.nbt
village/plains/zombie/streets/crossroad_05.nbt
village/plains/zombie/streets/crossroad_06.nbt
village/plains/zombie/streets/straight_01.nbt
village/plains/zombie/streets/straight_02.nbt
village/plains/zombie/streets/straight_03.nbt
village/plains/zombie/streets/straight_04.nbt
village/plains/zombie/streets/straight_05.nbt
village/plains/zombie/streets/straight_06.nbt
village/plains/zombie/streets/turn_01.nbt
village/plains/zombie/town_centers/plains_fountain_01.nbt
village/plains/zombie/town_centers/plains_meeting_point_1.nbt
village/plains/zombie/town_centers/plains_meeting_point_2.nbt
village/plains/zombie/town_centers/plains_meeting_point_3.nbt
village/plains/zombie/villagers/nitwit.nbt
village/plains/zombie/villagers/unemployed.nbt
village/savanna/houses/savanna_animal_pen_1.nbt
village/savanna/houses/savanna_animal_pen_2.nbt
village/savanna/houses/savanna_animal_pen_3.nbt
village/savanna/houses/savanna_armorer_1.nbt
village/savanna/houses/savanna_butchers_shop_1.nbt
village/savanna/houses/savanna_butchers_shop_2.nbt
village/savanna/houses/savanna_cartographer_1.nbt
village/savanna/houses/savanna_fisher_cottage_1.nbt
village/savanna/houses/savanna_fletcher_house_1.nbt
village/savanna/houses/savanna_large_farm_1.nbt
village/savanna/houses/savanna_large_farm_2.nbt
village/savanna/houses/savanna_library_1.nbt
village/savanna/houses/savanna_mason_1.nbt
village/savanna/houses/savanna_medium_house_1.nbt
village/savanna/houses/savanna_medium_house_2.nbt
village/savanna/houses/savanna_shepherd_1.nbt
village/savanna/houses/savanna_small_farm.nbt
village/savanna/houses/savanna_small_house_1.nbt
village/savanna/houses/savanna_small_house_2.nbt
village/savanna/houses/savanna_small_house_3.nbt
village/savanna/houses/savanna_small_house_4.nbt
village/savanna/houses/savanna_small_house_5.nbt
village/savanna/houses/savanna_small_house_6.nbt
village/savanna/houses/savanna_small_house_7.nbt
village/savanna/houses/savanna_small_house_8.nbt
village/savanna/houses/savanna_tannery_1.nbt
village/savanna/houses/savanna_temple_1.nbt
village/savanna/houses/savanna_temple_2.nbt
village/savanna/houses/savanna_tool_smith_1.nbt
village/savanna/houses/savanna_weaponsmith_1.nbt
village/savanna/houses/savanna_weaponsmith_2.nbt
village/savanna/savanna_lamp_post_01.nbt
village/savanna/streets/corner_01.nbt
village/savanna/streets/corner_03.nbt
village/savanna/streets/crossroad_02.nbt
village/savanna/streets/crossroad_03.nbt
village/savanna/streets/crossroad_04.nbt
village/savanna/streets/crossroad_05.nbt
village/savanna/streets/crossroad_06.nbt
village/savanna/streets/crossroad_07.nbt
village/savanna/streets/split_01.nbt
village/savanna/streets/split_02.nbt
village/savanna/streets/straight_02.nbt
village/savanna/streets/straight_04.nbt
village/savanna/streets/straight_05.nbt
village/savanna/streets/straight_06.nbt
village/savanna/streets/straight_08.nbt
village/savanna/streets/straight_09.nbt
village/savanna/streets/straight_10.nbt
village/savanna/streets/straight_11.nbt
village/savanna/streets/turn_01.nbt
village/savanna/terminators/terminator_05.nbt
village/savanna/town_centers/savanna_meeting_point_1.nbt
village/savanna/town_centers/savanna_meeting_point_2.nbt
village/savanna/town_centers/savanna_meeting_point_3.nbt
village/savanna/town_centers/savanna_meeting_point_4.nbt
village/savanna/villagers/baby.nbt
village/savanna/villagers/nitwit.nbt
village/savanna/villagers/unemployed.nbt
village/savanna/zombie/houses/savanna_animal_pen_2.nbt
village/savanna/zombie/houses/savanna_animal_pen_3.nbt
village/savanna/zombie/houses/savanna_large_farm_2.nbt
village/savanna/zombie/houses/savanna_medium_house_1.nbt
village/savanna/zombie/houses/savanna_medium_house_2.nbt
village/savanna/zombie/houses/savanna_small_house_1.nbt
village/savanna/zombie/houses/savanna_small_house_2.nbt
village/savanna/zombie/houses/savanna_small_house_3.nbt
village/savanna/zombie/houses/savanna_small_house_4.nbt
village/savanna/zombie/houses/savanna_small_house_5.nbt
village/savanna/zombie/houses/savanna_small_house_6.nbt
village/savanna/zombie/houses/savanna_small_house_7.nbt
village/savanna/zombie/houses/savanna_small_house_8.nbt
village/savanna/zombie/streets/corner_01.nbt
village/savanna/zombie/streets/corner_03.nbt
village/savanna/zombie/streets/crossroad_02.nbt
village/savanna/zombie/streets/crossroad_03.nbt
village/savanna/zombie/streets/crossroad_04.nbt
village/savanna/zombie/streets/crossroad_05.nbt
village/savanna/zombie/streets/crossroad_06.nbt
village/savanna/zombie/streets/crossroad_07.nbt
village/savanna/zombie/streets/split_01.nbt
village/savanna/zombie/streets/split_02.nbt
village/savanna/zombie/streets/straight_02.nbt
village/savanna/zombie/streets/straight_04.nbt
village/savanna/zombie/streets/straight_05.nbt
village/savanna/zombie/streets/straight_06.nbt
village/savanna/zombie/streets/straight_08.nbt
village/savanna/zombie/streets/straight_09.nbt
village/savanna/zombie/streets/straight_10.nbt
village/savanna/zombie/streets/straight_11.nbt
village/savanna/zombie/streets/turn_01.nbt
village/savanna/zombie/terminators/terminator_05.nbt
village/savanna/zombie/town_centers/savanna_meeting_point_1.nbt
village/savanna/zombie/town_centers/savanna_meeting_point_2.nbt
village/savanna/zombie/town_centers/savanna_meeting_point_3.nbt
village/savanna/zombie/town_centers/savanna_meeting_point_4.nbt
village/savanna/zombie/villagers/nitwit.nbt
village/savanna/zombie/villagers/unemployed.nbt
village/snowy/houses/snowy_animal_pen_1.nbt
village/snowy/houses/snowy_animal_pen_2.nbt
village/snowy/houses/snowy_armorer_house_1.nbt
village/snowy/houses/snowy_armorer_house_2.nbt
village/snowy/houses/snowy_butchers_shop_1.nbt
village/snowy/houses/snowy_butchers_shop_2.nbt
village/snowy/houses/snowy_cartographer_house_1.nbt
village/snowy/houses/snowy_farm_1.nbt
village/snowy/houses/snowy_farm_2.nbt
village/snowy/houses/snowy_fisher_cottage.nbt
village/snowy/houses/snowy_fletcher_house_1.nbt
village/snowy/houses/snowy_library_1.nbt
village/snowy/houses/snowy_masons_house_1.nbt
village/snowy/houses/snowy_masons_house_2.nbt
village/snowy/houses/snowy_medium_house_1.nbt
village/snowy/houses/snowy_medium_house_2.nbt
village/snowy/houses/snowy_medium_house_3.nbt
village/snowy/houses/snowy_shepherds_house_1.nbt
village/snowy/houses/snowy_small_house_1.nbt
village/snowy/houses/snowy_small_house_2.nbt
village/snowy/houses/snowy_small_house_3.nbt
village/snowy/houses/snowy_small_house_4.nbt
village/snowy/houses/snowy_small_house_5.nbt
village/snowy/houses/snowy_small_house_6.nbt
village/snowy/houses/snowy_small_house_7.nbt
village/snowy/houses/snowy_small_house_8.nbt
village/snowy/houses/snowy_tannery_1.nbt
village/snowy/houses/snowy_temple_1.nbt
village/snowy/houses/snowy_tool_smith_1.nbt
village/snowy/houses/snowy_weapon_smith_1.nbt
village/snowy/snowy_lamp_post_01.nbt
village/snowy/snowy_lamp_post_02.nbt
village/snowy/snowy_lamp_post_03.nbt
village/snowy/streets/corner_01.nbt
village/snowy/streets/corner_02.nbt
village/snowy/streets/corner_03.nbt
village/snowy/streets/crossroad_01.nbt
village/snowy/streets/crossroad_02.nbt
village/snowy/streets/crossroad_03.nbt
village/snowy/streets/crossroad_04.nbt
village/snowy/streets/crossroad_05.nbt
village/snowy/streets/crossroad_06.nbt
village/snowy/streets/square_01.nbt
village/snowy/streets/straight_01.nbt
village/snowy/streets/straight_02.nbt
village/snowy/streets/straight_03.nbt
village/snowy/streets/straight_04.nbt
village/snowy/streets/straight_06.nbt
village/snowy/streets/straight_08.nbt
village/snowy/streets/turn_01.nbt
village/snowy/town_centers/snowy_meeting_point_1.nbt
village/snowy/town_centers/snowy_meeting_point_2.nbt
village/snowy/town_centers/snowy_meeting_point_3.nbt
village/snowy/villagers/baby.nbt
village/snowy/villagers/nitwit.nbt
village/snowy/villagers/unemployed.nbt
village/snowy/zombie/houses/snowy_medium_house_1.nbt
village/snowy/zombie/houses/snowy_medium_house_2.nbt
village/snowy/zombie/houses/snowy_medium_house_3.nbt
village/snowy/zombie/houses/snowy_small_house_1.nbt
village/snowy/zombie/houses/snowy_small_house_2.nbt
village/snowy/zombie/houses/snowy_small_house_3.nbt
village/snowy/zombie/houses/snowy_small_house_4.nbt
village/snowy/zombie/houses/snowy_small_house_5.nbt
village/snowy/zombie/houses/snowy_small_house_6.nbt
village/snowy/zombie/houses/snowy_small_house_7.nbt
village/snowy/zombie/houses/snowy_small_house_8.nbt
village/snowy/zombie/streets/corner_01.nbt
village/snowy/zombie/streets/corner_02.nbt
village/snowy/zombie/streets/corner_03.nbt
village/snowy/zombie/streets/crossroad_01.nbt
village/snowy/zombie/streets/crossroad_02.nbt
village/snowy/zombie/streets/crossroad_03.nbt
village/snowy/zombie/streets/crossroad_04.nbt
village/snowy/zombie/streets/crossroad_05.nbt
village/snowy/zombie/streets/crossroad_06.nbt
village/snowy/zombie/streets/square_01.nbt
village/snowy/zombie/streets/straight_01.nbt
village/snowy/zombie/streets/straight_02.nbt
village/snowy/zombie/streets/straight_03.nbt
village/snowy/zombie/streets/straight_04.nbt
village/snowy/zombie/streets/straight_06.nbt
village/snowy/zombie/streets/straight_08.nbt
village/snowy/zombie/streets/turn_01.nbt
village/snowy/zombie/town_centers/snowy_meeting_point_1.nbt
village/snowy/zombie/town_centers/snowy_meeting_point_2.nbt
village/snowy/zombie/town_centers/snowy_meeting_point_3.nbt
village/snowy/zombie/villagers/nitwit.nbt
village/snowy/zombie/villagers/unemployed.nbt
village/taiga/houses/taiga_animal_pen_1.nbt
village/taiga/houses/taiga_armorer_2.nbt
village/taiga/houses/taiga_armorer_house_1.nbt
village/taiga/houses/taiga_butcher_shop_1.nbt
village/taiga/houses/taiga_cartographer_house_1.nbt
village/taiga/houses/taiga_fisher_cottage_1.nbt
village/taiga/houses/taiga_fletcher_house_1.nbt
village/taiga/houses/taiga_large_farm_1.nbt
village/taiga/houses/taiga_large_farm_2.nbt
village/taiga/houses/taiga_library_1.nbt
village/taiga/houses/taiga_masons_house_1.nbt
village/taiga/houses/taiga_medium_house_1.nbt
village/taiga/houses/taiga_medium_house_2.nbt
village/taiga/houses/taiga_medium_house_3.nbt
village/taiga/houses/taiga_medium_house_4.nbt
village/taiga/houses/taiga_shepherds_house_1.nbt
village/taiga/houses/taiga_small_farm_1.nbt
village/taiga/houses/taiga_small_house_1.nbt
village/taiga/houses/taiga_small_house_2.nbt
village/taiga/houses/taiga_small_house_3.nbt
village/taiga/houses/taiga_small_house_4.nbt
village/taiga/houses/taiga_small_house_5.nbt
village/taiga/houses/taiga_tannery_1.nbt
village/taiga/houses/taiga_temple_1.nbt
village/taiga/houses/taiga_tool_smith_1.nbt
village/taiga/houses/taiga_weaponsmith_1.nbt
village/taiga/houses/taiga_weaponsmith_2.nbt
village/taiga/streets/corner_01.nbt
village/taiga/streets/corner_02.nbt
village/taiga/streets/corner_03.nbt
village/taiga/streets/crossroad_01.nbt
village/taiga/streets/crossroad_02.nbt
village/taiga/streets/crossroad_03.nbt
village/taiga/streets/crossroad_04.nbt
village/taiga/streets/crossroad_05.nbt
village/taiga/streets/crossroad_06.nbt
village/taiga/streets/straight_01.nbt
village/taiga/streets/straight_02.nbt
village/taiga/streets/straight_03.nbt
village/taiga/streets/straight_04.nbt
village/taiga/streets/straight_05.nbt
village/taiga/streets/straight_06.nbt
village/taiga/streets/turn_01.nbt
village/taiga/taiga_decoration_1.nbt
village/taiga/taiga_decoration_2.nbt
village/taiga/taiga_decoration_3.nbt
village/taiga/taiga_decoration_4.nbt
village/taiga/taiga_decoration_5.nbt
village/taiga/taiga_decoration_6.nbt
village/taiga/taiga_lamp_post_1.nbt
village/taiga/town_centers/taiga_meeting_point_1.nbt
village/taiga/town_centers/taiga_meeting_point_2.nbt
village/taiga/villagers/baby.nbt
village/taiga/villagers/nitwit.nbt
village/taiga/villagers/unemployed.nbt
village/taiga/zombie/houses/taiga_cartographer_house_1.nbt
village/taiga/zombie/houses/taiga_fisher_cottage_1.nbt
village/taiga/zombie/houses/taiga_large_farm_2.nbt
village/taiga/zombie/houses/taiga_library_1.nbt
village/taiga/zombie/houses/taiga_medium_house_1.nbt
village/taiga/zombie/houses/taiga_medium_house_2.nbt
village/taiga/zombie/houses/taiga_medium_house_3.nbt
village/taiga/zombie/houses/taiga_medium_house_4.nbt
village/taiga/zombie/houses/taiga_shepherds_house_1.nbt
village/taiga/zombie/houses/taiga_small_house_1.nbt
village/taiga/zombie/houses/taiga_small_house_2.nbt
village/taiga/zombie/houses/taiga_small_house_3.nbt
village/taiga/zombie/houses/taiga_small_house_4.nbt
village/taiga/zombie/houses/taiga_small_house_5.nbt
village/taiga/zombie/houses/taiga_temple_1.nbt
village/taiga/zombie/houses/taiga_tool_smith_1.nbt
village/taiga/zombie/houses/taiga_weaponsmith_2.nbt
village/taiga/zombie/streets/corner_01.nbt
village/taiga/zombie/streets/corner_02.nbt
village/taiga/zombie/streets/corner_03.nbt
village/taiga/zombie/streets/crossroad_01.nbt
village/taiga/zombie/streets/crossroad_02.nbt
village/taiga/zombie/streets/crossroad_03.nbt
village/taiga/zombie/streets/crossroad_04.nbt
village/taiga/zombie/streets/crossroad_05.nbt
village/taiga/zombie/streets/crossroad_06.nbt
village/taiga/zombie/streets/straight_01.nbt
village/taiga/zombie/streets/straight_02.nbt
village/taiga/zombie/streets/straight_03.nbt
village/taiga/zombie/streets/straight_04.nbt
village/taiga/zombie/streets/straight_05.nbt
village/taiga/zombie/streets/straight_06.nbt
village/taiga/zombie/streets/turn_01.nbt
village/taiga/zombie/town_centers/taiga_meeting_point_1.nbt
village/taiga/zombie/town_centers/taiga_meeting_point_2.nbt
village/taiga/zombie/villagers/nitwit.nbt
village/taiga/zombie/villagers/unemployed.nbt
woodland_mansion/1x1_a1.nbt
woodland_mansion/1x1_a2.nbt
woodland_mansion/1x1_a3.nbt
woodland_mansion/1x1_a4.nbt
woodland_mansion/1x1_a5.nbt
woodland_mansion/1x1_as1.nbt
woodland_mansion/1x1_as2.nbt
woodland_mansion/1x1_as3.nbt
woodland_mansion/1x1_as4.nbt
woodland_mansion/1x1_b1.nbt
woodland_mansion/1x1_b2.nbt
woodland_mansion/1x1_b3.nbt
woodland_mansion/1x1_b4.nbt
woodland_mansion/1x1_b5.nbt
woodland_mansion/1x2_a1.nbt
woodland_mansion/1x2_a2.nbt
woodland_mansion/1x2_a3.nbt
woodland_mansion/1x2_a4.nbt
woodland_mansion/1x2_a5.nbt
woodland_mansion/1x2_a6.nbt
woodland_mansion/1x2_a7.nbt
woodland_mansion/1x2_a8.nbt
woodland_mansion/1x2_a9.nbt
woodland_mansion/1x2_b1.nbt
woodland_mansion/1x2_b2.nbt
woodland_mansion/1x2_b3.nbt
woodland_mansion/1x2_b4.nbt
woodland_mansion/1x2_b5.nbt
woodland_mansion/1x2_c1.nbt
woodland_mansion/1x2_c2.nbt
woodland_mansion/1x2_c3.nbt
woodland_mansion/1x2_c4.nbt
woodland_mansion/1x2_c_stairs.nbt
woodland_mansion/1x2_d1.nbt
woodland_mansion/1x2_d2.nbt
woodland_mansion/1x2_d3.nbt
woodland_mansion/1x2_d4.nbt
woodland_mansion/1x2_d5.nbt
woodland_mansion/1x2_d_stairs.nbt
woodland_mansion/1x2_s1.nbt
woodland_mansion/1x2_s2.nbt
woodland_mansion/1x2_se1.nbt
woodland_mansion/2x2_a1.nbt
woodland_mansion/2x2_a2.nbt
woodland_mansion/2x2_a3.nbt
woodland_mansion/2x2_a4.nbt
woodland_mansion/2x2_b1.nbt
woodland_mansion/2x2_b2.nbt
woodland_mansion/2x2_b3.nbt
woodland_mansion/2x2_b4.nbt
woodland_mansion/2x2_b5.nbt
woodland_mansion/2x2_s1.nbt
woodland_mansion/carpet_east.nbt
woodland_mansion/carpet_north.nbt
woodland_mansion/carpet_south_1.nbt
woodland_mansion/carpet_south_2.nbt
woodland_mansion/carpet_west_1.nbt
woodland_mansion/carpet_west_2.nbt
woodland_mansion/corridor_floor.nbt
woodland_mansion/entrance.nbt
woodland_mansion/indoors_door_1.nbt
woodland_mansion/indoors_door_2.nbt
woodland_mansion/indoors_wall_1.nbt
woodland_mansion/indoors_wall_2.nbt
woodland_mansion/roof.nbt
woodland_mansion/roof_corner.nbt
woodland_mansion/roof_front.nbt
woodland_mansion/roof_inner_corner.nbt
woodland_mansion/small_wall.nbt
woodland_mansion/small_wall_corner.nbt
woodland_mansion/wall_corner.nbt
woodland_mansion/wall_flat.nbt
woodland_mansion/wall_window.nbt